rank,keyword
1,손흥민 협박녀
2,날씨
3,에픽게임즈
4,김상욱
5,삼양식품 주가
6,한미반도체
7,펜타포트 2025
8,아옳이
9,탄금
10,bbq 5 월 16 일
11,아정당
12,아이유 뷔
13,이세계 페스티벌
14,주진우
15,덴버 대 오클라호마시티
16,마그나 카르타
17,장마
18,미션임파서블 파이널레코닝
19,국민체력100
20,espanyol vs barcelona
21,초단기
22,이회창
23,weather
24,백광현
25,고성국
26,인터파크
27,오타니 쇼헤이
28,허경영
29,유심 재설정
30,파이널 데스티네이션
31,nuggets vs thunder
32,박초롱초롱빛나리
33,국립중앙박물관
34,김혜성
35,야닉 시너
36,스텔라 블레이드
37,lck
38,아식스
39,황정음 코인
40,메이플
41,kdb생명
42,코인베이스
43,최준희
44,오윤아
45,세종대왕 탄신일
46,한화이글스
47,엄상백
48,장충체육관
49,일기예보
50,경복궁
51,la liga
52,강지영
53,unh
54,창원 lg 대 서울 sk
55,ppi
56,삼척
57,독도
58,엘지트윈스
59,에버랜드
60,리플
61,두산베어스
62,빗썸
63,울산날씨
64,햄버거
65,13f
66,관세청
67,cuaca besok
68,nba 플레이오프
69,경기도박물관
70,xrp
71,유나이티드헬스 주가
72,비비
73,커즈
74,파월
75,나균안
76,은가은
77,경기도
78,unh stock
79,청년내일저축계좌
80,오늘의 날씨
81,대전 날씨
82,양의지
83,t1
84,스페인
85,함창건
86,부승찬
87,진
88,정호영
89,임종성
90,이환
91,프림퐁
92,바이낸스
93,최예나
94,엔카
95,임찬규
96,하지원
97,위버스
98,넷마블
