keyword,summary,book_keywords
G7,"캐나다에서 개최되는 G7 정상회의를 계기로 미일 정상회담이 예정되어 있으며, 자동차 관세 문제 해결을 위한 협상이 핵심 의제다. 일본은 관세 인하 또는 철폐를 제안한 것으로 알려졌으나, 최종 합의 여부는 불투명하다.  또한, 한미 정상회담 가능성도 주목받고 있으며, 트럼프 전 대통령의 돌발 발언 가능성과 이에 따른 외교적 부담이 예상된다.  미국과 호주 간의 쇠고기 무역 협상도 G7 정상회의와 관련하여 논의될 전망이다.  G7 정상회의는 주요국 간 경제 및 외교 현안을 논의하는 자리로, 이번 회의는 특히 미국의 보호무역주의와 국제 관계의 불확실성을 보여주는 중요한 시점이다.","['G7 정상회의', '미일 관계', '보호무역주의', '국제통상', '트럼프 행정부']"
광장,"최근 '광장'은 다양한 사회적 담론과 문화적 활동의 중심으로 주목받고 있다.  친일파 묘소 이전 논란을 비롯한 정치적 시위 장소로서의 기능과 더불어,  가수 데뷔 무대,  6.25 참전용사 추모 공간 조성 등 문화 행사 및 기념 공간으로 활용되는 모습을 보인다.  이는 광장이 단순한 공간을 넘어 사회적 갈등과 화합, 기억과 기념 등 다층적인 의미를 담는 공간임을 보여준다.  특히 광화문광장 등 주요 광장을 중심으로 사회적 이슈와 문화 행사가 집중되면서, 광장의 상징성과 기능에 대한 사회적 논의가 활발해지고 있다.","['광장의 정치학', '공공공간', '기억의 공간', '도시계획', '시민참여']"
김건희,"김건희 여사를 둘러싼 각종 의혹이 정치권의 주요 쟁점으로 떠오르고 있다.  여당은 김 여사에 대한 옹호 및 보호 태세를 취하고 있으나, 야당은 특검을 통해 의혹을 규명해야 한다고 주장하며 내란 특검법, 김건희 특검법 등을 발의, 통과시켰다.  검찰의 수사 방향과 정치적 중립성에 대한 논란이 지속되고 있으며, 이는 정치 불확실성을 증폭시키는 요인으로 작용하고 있다.  김 여사 관련 의혹의 진실 규명 여부와 그에 따른 정치적 파장이 향후 정국을 좌우할 중요한 변수가 될 전망이다.","['김건희', '특검', '윤석열 정부', '정치 스캔들', '대통령 배우자']"
김혜경 여사,"이재명 대통령 배우자 김혜경 여사는 최근 여러 공개 행사에 동행하며 대중에게 모습을 드러내고 있다.  특히 현충일 추념식 참석과 재래시장 방문 등을 통해 대통령 부부의 국민과의 소통 행보를 보여주고 있다.  고 박진우 중령 유족 위로 현장에서 보여준 따뜻한 모습은 대중의 호감을 얻었지만,  여전히 대중의 관심과 함께 다양한 평가가 공존하는 상황이다.  이는 김 여사의 행보가 대통령 배우자로서의 역할과 이미지 구축에 중요한 영향을 미치기 때문이다.","['퍼스트레이디', '대통령 배우자', '대중 이미지', '소통', '정치 부부']"
닌텐도 스위치,"닌텐도 스위치2의 출시는 게임 업계에 큰 파장을 일으키고 있다.  주식 시장에서는 닌텐도 주식이 상승세를 보이고 있으며,  게임 개발사들은 스위치2 전용 타이틀 출시에 박차를 가하고 있다.  '사이버펑크 2077', '스트리트 파이터 6' 등 기대작들이 스위치2로 출시되며 플랫폼의 인기를 더욱 높이고 있다.  하지만  물량 부족 현상으로 인해 구매 경쟁이 치열해지고 있으며,  이는 닌텐도 스위치2의 높은 수요와 인기를 반증한다.  향후 스위치2의 게임 라인업 확장과  시장 점유율 변화에 대한 관심이 집중되고 있다.","['닌텐도 스위치2', '닌텐도 스위치 게임', '비디오 게임 시장', '콘솔 게임', '게임 개발']"
대통령 재판 중지법,"이재명 대통령의 공직선거법 위반 혐의 재판을 앞두고, 더불어민주당이 추진하는 '대통령 재판 중지법'(형사소송법 개정안)이 뜨거운 논쟁거리다.  이 법안은 현직 대통령에 대한 재판을 임기 중에는 중지하도록 규정하여,  헌법 제84조의 대통령의 형사소추 제한 규정을 확대 해석하는 것을 골자로 한다.  여당은 3대 특검법 등으로 맞서고 있으며,  법안 통과 여부는 헌법 해석과 삼권분립 논쟁, 그리고 대통령의 재판 진행 여부를 둘러싼 정치적 갈등으로 이어지고 있다.  법원의 헌법 제84조에 따른 재판 중지 결정 여부에 따라 법안 추진 여부가 달라질 수 있다.","['대통령 권한', '형사소송법', '헌법 제84조', '삼권분립', '한국 정치']"
마사회,"한국마사회는 정보보안 및 개인정보보호 강화에 힘쓰고 있으며, 주요 정부기관 및 공공기관과의 협력을 통해 사이버 위협에 공동 대응하고 있다.  또한, 경마의 안전성과 상품성 향상을 위해 경주마 주행심사제도를 개선하는 등 경마 운영 전반의 질적 개선에 힘쓰고 있다.  최근에는 사회공헌 활동으로 북캠프 후원에도 참여하는 등 다양한 분야에서 활동 영역을 넓히고 있다.  이러한 노력들은 국민들의 신뢰도 향상과 공공기관으로서의 책임감 있는 운영을 보여주는 사례로 주목받고 있다.","['한국마사회', '경마산업', '정보보안', '개인정보보호', '공공기관 경영']"
북한,"최근 북한 관련 뉴스는 소년단 창립 기념 행사와 진수식 중 넘어진 구축함의 복구 소식, 그리고 남한의 현충일 행사와 관련된 내용을 다루고 있습니다.  남한에서는 북한에 대한 직접적인 언급은 줄어들고 있으나,  북한의 군사력 및 체제 유지에 대한 우려는 여전히 존재하며, 일각에서는 북한과의 평화 정착을 위한 노력의 필요성을 제기하고 있습니다.  이러한 뉴스들은 북한의 내부 상황과 군사력, 그리고 남북 관계의 현주소를 보여주는 동시에,  변화하는 국제 정세 속에서 북한의 행보와 그에 대한 다양한 시각을 반영하고 있습니다.","['북한 군사력', '남북 관계', '북한 사회주의', '북한 경제', '김정은']"
브라질 축구,"한국 축구 대표팀의 11회 연속 월드컵 본선 진출이 국제적으로 주목받고 있으며, 이는 브라질, 독일 등 축구 강국들과 어깨를 나란히 하는 성과로 평가된다.  한편, 브라질 대표팀은 새로운 감독 안첼로티 체제 하에 첫 경기를 치렀으나 무승부를 기록하며 본선 진출에 대한 불안감을 드러냈다.  이와 함께, 브라질 출신 선수 안토니의 이적설 등 브라질 선수들의 활약 또한 세계 축구계의 관심을 받고 있다.  한국과 브라질 모두 월드컵 본선 진출을 둘러싼 기대와 우려가 공존하는 상황이다.","['브라질 축구 역사', '월드컵 브라질', '남미 축구', '안첼로티', '축구 전술']"
비트코인,"최근 비트코인 시장은 급등락을 반복하며 변동성이 심화되고 있다.  머스크와 트럼프의 갈등과 같은 외부 요인과 XRP와 같은 다른 암호화폐의 가격 변동이 시장에 영향을 미치고 있으며,  프랑스의 암호화폐 관련 납치 사건처럼 암호화폐를 둘러싼 범죄 또한 발생하고 있다.  과거 상승장과는 다른 구조적 특징이 나타나고 있어 투자자들의 불확실성이 커지고 있으며,  시장 참여자들은 현재 상황을 예측하기 어려워하고 있다.  비트코인 가격은 불안정한 외부 환경과 시장 심리에 민감하게 반응하고 있다.","['비트코인 투자', '암호화폐 시장 분석', '블록체인 기술', '디지털 자산 투자 전략', '암호화폐 규제']"
아르헨티나 축구,"최근 아르헨티나 축구는 2022 카타르 월드컵 우승 이후 여전히 세계적인 관심을 받고 있습니다.  브라질과의 경기 결과와  맨체스터 유나이티드의 아르헨티나 선수 가르나초의 이적설 등이 주요 뉴스를 장식하며,  아르헨티나 선수들의 활약과 팀 전력에 대한 관심이 지속되고 있습니다.  한국 축구의 월드컵 11회 연속 진출 소식과 비교되며,  아르헨티나 축구의 꾸준한 강세와  세계 축구계에서의 영향력을 다시 한번 확인시켜주고 있습니다.","['아르헨티나 축구', '메시', '월드컵', '남미 축구', '축구 역사']"
이재명,"가상의 이재명 대통령 당선 이후, 대법관 증원법 처리 속도 조절, 친일파 묘소 이장 문제, 미 대통령과의 통화 지연 등으로 국내외적 논란이 발생하고 있다.  찢어진 태극기 배지 등 상징적 행보와 이준석 의원 제명 청원 등 정치적 갈등도 이어지고 있다.  이러한 상황은 이재명 정부의 국정 운영 방식과 정치적 입지에 대한 국민적 관심과 우려를 반영하며, 향후 정치적 행보에 대한 예측 불가능성을 높이고 있다.","['이재명', '진보정치', '대통령 리더십', '한국 정치', '국정 운영']"
진관사 태극기,"이재명 대통령이 취임 후 착용한 '진관사 태극기' 배지는 2009년 서울 진관사에서 발견된 훼손된 태극기에서 모티브를 얻었다.  일제강점기 3·1운동 전후 독립운동 과정에서 사용되었을 가능성이 높은 이 태극기는 일장기에 태극을 덧칠한 형태로,  국가 정체성 회복의 중요성을 강조하는 이 대통령의 의지를 상징적으로 보여준다.  훼손된 태극기의 모습은 힘겨웠던 독립운동의 역사와 나라의 정체성을 되찾기 위한 노력을 상기시키며 큰 주목을 받고 있다.","['진관사 태극기', '3·1운동', '대한민국 임시정부', '일제강점기 태극기', '한국 독립운동']"
채상병 사건,"채상병 사건은 해병대원 채모 상병의 순직 사건으로, 사망 경위에 대한 수사 과정에서 수사 외압 의혹이 불거지며 큰 논란이 되었다.  여당과 야당의 입장이 첨예하게 대립하는 가운데, 진상 규명을 위한 특검법이 국회를 통과했고,  사건을 다룬 다큐멘터리 영화까지 제작되는 등 사회적 관심이 집중되고 있다.  특히,  수사 과정의 공정성과 정부의 대응에 대한 비판 여론이 거세,  사건의 진실 규명과 책임자 처벌 여부가 향후 정치적 파장을 불러올 것으로 예상된다.","['채상병 사건', '해병대 수사 외압', '군 수사', '국방부', '특별검사']"
쿠팡플레이,"쿠팡플레이는 다양한 콘텐츠 제공 플랫폼으로서,  방송 프로그램의 VOD 서비스를 제공하며 시청 채널로서의 입지를 다지고 있습니다.  JTBC의 '집 나가면 개호강'과 같이 인기 프로그램의 선공개를 통해 시청자 확보에 힘쓰고 있으며, 머니투데이방송의 주식 관련 프로그램들도 쿠팡플레이를 통해 시청 가능합니다.  이는 OTT 시장 경쟁 심화 속에서 쿠팡플레이가 다양한 콘텐츠 확보를 통해 경쟁력을 강화하려는 전략으로 해석될 수 있습니다.  특히,  방송사와의 협업을 통해 독점 콘텐츠 확보 및 시청자 접근성을 높이는 전략을 구사하고 있습니다.","['OTT 플랫폼', '콘텐츠 전략', '플랫폼 경쟁', '방송 미디어', '스트리밍 서비스']"
테슬라,"테슬라가 중국 시장 부진으로 전년 대비 판매량이 13.4% 감소하며 주가 하락을 겪고 있다.  일론 머스크 CEO와 도널드 트럼프 전 미국 대통령 간의 공개적인 갈등이 테슬라 주가에 큰 영향을 미쳤다.  두 사람의 관계 악화는 투자자들의 불안감을 증폭시켜 주가 폭락으로 이어졌으며,  테슬라의 미래 전망에 대한 우려를 불러일으키고 있다.  머스크의 스페이스X 관련 발언 번복 등 예측 불가능한 행보 또한 투자 심리에 악영향을 주고 있다.","['테슬라', '일론 머스크', '전기차 산업', '미국 정치', '기업 경영']"
해양수산부,"이재명 대통령의 대선 공약이었던 해양수산부의 부산 이전이 본격화되고 있다.  대통령의 직접적인 지시에 따라 해양수산부는 부산 이전을 위한 준비 조직을 꾸리고 이전 추진단 구성을 준비하는 등 속도를 내고 있다.  다른 부처 이전 사례를 참고하며 신속한 이전을 목표로 하고 있으며,  대통령의 강력한 의지가 이전 추진의 주요 동력으로 작용하고 있다.  이러한 움직임은 해양수산 정책의 중심축 이동과 부산 지역 경제 활성화에 큰 영향을 미칠 것으로 예상된다.","['해양수산부', '부산 이전', '지역경제', '공공기관 이전', '정부 정책']"
현충원,"최근 현충원은 현충일 추념식과 주요 정치인들의 방문으로 주목받고 있습니다.  특히, 제70회 현충일 추념식에서는 대법관 증원법 등 주요 정치 현안에 대한 논의가 이루어졌으며,  김창룡 전 경찰총장의 파묘 요구 등 현충원의 역할과 의미에 대한 사회적 논쟁이 재점화되었습니다.  정치권 인사들의 현충원 참배는 정치적 행보와 맞물려 해석되고 있으며,  국립묘지의 관리 및 선정 기준에 대한 논의가 필요함을 시사합니다.","['국립묘지', '현충원', '친일파 청산', '한국 현대사', '독립운동']"
현충일,"제70회 현충일을 맞아 국립현충원에서 추념식이 거행되었으며,  참전용사들의 희생을 기리는 '감사의 정원' 조성 계획이 발표되었다.  정치권에서는 현충일 추념식을 배경으로 대법관 증원법 논의 속도 조절에 대한 발언이 나왔다.  한편,  일각에서는 친일 반민족 행위자의 현충원 안장 문제를 제기하며 논란이 지속되고 있다.  이처럼 현충일은 국가적 추모와 함께 사회적 이슈와 정치적 논쟁이 얽히는 복합적인 의미를 지닌 날임을 보여준다.","['현충일', '한국전쟁', '국가유공자', '친일파', '반민족행위']"
환율관찰대상국,"미국 재무부가 한국을 포함한 9개국을 환율 관찰 대상국으로 지정했다는 소식이 국내외적으로 큰 주목을 받고 있다.  이는 미국이 한국의 환율 정책을 면밀히 주시하며, 향후 통상 협상에서 환율 문제를 압박 카드로 활용할 가능성을 시사하기 때문이다.  특히 한미 간 무역 갈등이 지속되는 상황에서 환율 문제가 새로운 쟁점으로 부상하며,  정부의 대응과 시장의 불확실성이 커지고 있다.  미국은 한국의 환율 정책이 자국에 불리하게 작용한다고 판단하는 것으로 보이며,  이에 따라 한국 경제에 미칠 영향에 대한 우려가 높아지고 있다.","['환율정책', '국제금융', '한미통상', '무역협상', '거시경제']"
